id,text_dialect_raw,text_dialect_norm,uncertainty_score,novelty_score,priority_score,is_round_zero
pool_10,सैंपल पूल वाक्य 10 dialect text variant,सैंपल पूल वाक्य 10 dialect text variant,0.7882,0.0,0.7882,True
pool_12,सैंपल पूल वाक्य 12 dialect text variant,सैंपल पूल वाक्य 12 dialect text variant,0.7882,0.0,0.7882,True
pool_13,सैंपल पूल वाक्य 13 dialect text variant,सैंपल पूल वाक्य 13 dialect text variant,0.7882,0.0,0.7882,True
pool_14,सैंपल पूल वाक्य 14 dialect text variant,सैंपल पूल वाक्य 14 dialect text variant,0.7882,0.0,0.7882,True
pool_15,सैंपल पूल वाक्य 15 dialect text variant,सैंपल पूल वाक्य 15 dialect text variant,0.7882,0.0,0.7882,True
pool_16,सैंपल पूल वाक्य 16 dialect text variant,सैंपल पूल वाक्य 16 dialect text variant,0.7882,0.0,0.7882,True
pool_17,सैंपल पूल वाक्य 17 dialect text variant,सैंपल पूल वाक्य 17 dialect text variant,0.7882,0.0,0.7882,True
pool_18,सैंपल पूल वाक्य 18 dialect text variant,सैंपल पूल वाक्य 18 dialect text variant,0.7882,0.0,0.7882,True
pool_19,सैंपल पूल वाक्य 19 dialect text variant,सैंपल पूल वाक्य 19 dialect text variant,0.7882,0.0,0.7882,True
pool_20,सैंपल पूल वाक्य 20 dialect text variant,सैंपल पूल वाक्य 20 dialect text variant,0.7882,0.0,0.7882,True
pool_21,सैंपल पूल वाक्य 21 dialect text variant,सैंपल पूल वाक्य 21 dialect text variant,0.7882,0.0,0.7882,True
pool_23,सैंपल पूल वाक्य 23 dialect text variant,सैंपल पूल वाक्य 23 dialect text variant,0.7882,0.0,0.7882,True
pool_24,सैंपल पूल वाक्य 24 dialect text variant,सैंपल पूल वाक्य 24 dialect text variant,0.7882,0.0,0.7882,True
pool_25,सैंपल पूल वाक्य 25 dialect text variant,सैंपल पूल वाक्य 25 dialect text variant,0.7882,0.0,0.7882,True
pool_26,सैंपल पूल वाक्य 26 dialect text variant,सैंपल पूल वाक्य 26 dialect text variant,0.7882,0.0,0.7882,True
pool_27,सैंपल पूल वाक्य 27 dialect text variant,सैंपल पूल वाक्य 27 dialect text variant,0.7882,0.0,0.7882,True
pool_28,सैंपल पूल वाक्य 28 dialect text variant,सैंपल पूल वाक्य 28 dialect text variant,0.7882,0.0,0.7882,True
pool_29,सैंपल पूल वाक्य 29 dialect text variant,सैंपल पूल वाक्य 29 dialect text variant,0.7882,0.0,0.7882,True
pool_30,सैंपल पूल वाक्य 30 dialect text variant,सैंपल पूल वाक्य 30 dialect text variant,0.7882,0.0,0.7882,True
pool_31,सैंपल पूल वाक्य 31 dialect text variant,सैंपल पूल वाक्य 31 dialect text variant,0.7882,0.0,0.7882,True
pool_32,सैंपल पूल वाक्य 32 dialect text variant,सैंपल पूल वाक्य 32 dialect text variant,0.7882,0.0,0.7882,True
pool_34,सैंपल पूल वाक्य 34 dialect text variant,सैंपल पूल वाक्य 34 dialect text variant,0.7882,0.0,0.7882,True
pool_35,सैंपल पूल वाक्य 35 dialect text variant,सैंपल पूल वाक्य 35 dialect text variant,0.7882,0.0,0.7882,True
pool_36,सैंपल पूल वाक्य 36 dialect text variant,सैंपल पूल वाक्य 36 dialect text variant,0.7882,0.0,0.7882,True
pool_37,सैंपल पूल वाक्य 37 dialect text variant,सैंपल पूल वाक्य 37 dialect text variant,0.7882,0.0,0.7882,True
pool_38,सैंपल पूल वाक्य 38 dialect text variant,सैंपल पूल वाक्य 38 dialect text variant,0.7882,0.0,0.7882,True
pool_39,सैंपल पूल वाक्य 39 dialect text variant,सैंपल पूल वाक्य 39 dialect text variant,0.7882,0.0,0.7882,True
pool_40,सैंपल पूल वाक्य 40 dialect text variant,सैंपल पूल वाक्य 40 dialect text variant,0.7882,0.0,0.7882,True
pool_41,सैंपल पूल वाक्य 41 dialect text variant,सैंपल पूल वाक्य 41 dialect text variant,0.7882,0.0,0.7882,True
pool_42,सैंपल पूल वाक्य 42 dialect text variant,सैंपल पूल वाक्य 42 dialect text variant,0.7882,0.0,0.7882,True
pool_43,सैंपल पूल वाक्य 43 dialect text variant,सैंपल पूल वाक्य 43 dialect text variant,0.7882,0.0,0.7882,True
pool_45,सैंपल पूल वाक्य 45 dialect text variant,सैंपल पूल वाक्य 45 dialect text variant,0.7882,0.0,0.7882,True
pool_46,सैंपल पूल वाक्य 46 dialect text variant,सैंपल पूल वाक्य 46 dialect text variant,0.7882,0.0,0.7882,True
pool_47,सैंपल पूल वाक्य 47 dialect text variant,सैंपल पूल वाक्य 47 dialect text variant,0.7882,0.0,0.7882,True
pool_48,सैंपल पूल वाक्य 48 dialect text variant,सैंपल पूल वाक्य 48 dialect text variant,0.7882,0.0,0.7882,True
pool_49,सैंपल पूल वाक्य 49 dialect text variant,सैंपल पूल वाक्य 49 dialect text variant,0.7882,0.0,0.7882,True
pool_50,सैंपल पूल वाक्य 50 dialect text variant,सैंपल पूल वाक्य 50 dialect text variant,0.7882,0.0,0.7882,True
pool_1,सैंपल पूल वाक्य 1 dialect text variant,सैंपल पूल वाक्य 1 dialect text variant,0.7713,0.0,0.7713,True
pool_2,सैंपल पूल वाक्य 2 dialect text variant,सैंपल पूल वाक्य 2 dialect text variant,0.7713,0.0,0.7713,True
pool_3,सैंपल पूल वाक्य 3 dialect text variant,सैंपल पूल वाक्य 3 dialect text variant,0.7713,0.0,0.7713,True
pool_4,सैंपल पूल वाक्य 4 dialect text variant,सैंपल पूल वाक्य 4 dialect text variant,0.7713,0.0,0.7713,True
pool_5,सैंपल पूल वाक्य 5 dialect text variant,सैंपल पूल वाक्य 5 dialect text variant,0.7713,0.0,0.7713,True
pool_6,सैंपल पूल वाक्य 6 dialect text variant,सैंपल पूल वाक्य 6 dialect text variant,0.7713,0.0,0.7713,True
pool_7,सैंपल पूल वाक्य 7 dialect text variant,सैंपल पूल वाक्य 7 dialect text variant,0.7713,0.0,0.7713,True
pool_8,सैंपल पूल वाक्य 8 dialect text variant,सैंपल पूल वाक्य 8 dialect text variant,0.7713,0.0,0.7713,True
pool_9,सैंपल पूल वाक्य 9 dialect text variant,सैंपल पूल वाक्य 9 dialect text variant,0.7713,0.0,0.7713,True
pool_11,सैंपल पूल वाक्य 11 dialect text variant,सैंपल पूल वाक्य 11 dialect text variant,0.7567,0.0,0.7567,True
pool_22,सैंपल पूल वाक्य 22 dialect text variant,सैंपल पूल वाक्य 22 dialect text variant,0.7567,0.0,0.7567,True
pool_33,सैंपल पूल वाक्य 33 dialect text variant,सैंपल पूल वाक्य 33 dialect text variant,0.7567,0.0,0.7567,True
pool_44,सैंपल पूल वाक्य 44 dialect text variant,सैंपल पूल वाक्य 44 dialect text variant,0.7567,0.0,0.7567,True
